label,rnn_rmse,naive_rmse,rmse_improvement_pct
synthetic,4.058328207968271,4.436518290426871,8.524479280850917
real_or_fallback,0.8581106072459675,0.7297034127041718,-17.59717610007302
