model,rows,mae,rmse,r2,mape_pct,smape_pct,mean_residual
Simple RNN,432,2.764598175331398,3.4289526683732325,0.9378157132710703,2.3631023915062643,2.3988316496521334,2.011312060885959
Naive previous value,432,3.689955779181586,4.488412112489238,0.8934525333992495,3.1690618271583664,3.16221910679262,-0.006623630099826049
Seasonal naive (24 steps),432,4.350199012191207,5.107933009815165,0.8620098577769799,3.718657129724424,3.7068125090369928,-0.1012972412109371
Moving average (24 steps),432,11.656172302622853,13.151696569380162,0.0852103604100628,10.07639877791038,9.890551551889756,-0.042110802167726016
