{
  "model": "Simple RNN",
  "rows": 432,
  "mae": 2.764598175331398,
  "rmse": 3.4289526683732325,
  "r2": 0.9378157132710703,
  "mape_pct": 2.3631023915062643,
  "smape_pct": 2.3988316496521334,
  "mean_residual": 2.011312060885959
}