{
  "project_name": "SMS Spam Detection using Simple RNN",
  "artifact_format": "Keras v3 .keras",
  "keras_version": "3.13.2",
  "training_backend": "torch",
  "data_source": "SMS Spam Collection loaded through the URL used in the supplied notebook",
  "input_rows": 5572,
  "missing_label_rows_removed": 0,
  "blank_message_rows_removed": 2,
  "normalized_duplicate_messages_removed": 469,
  "modeling_rows": 5101,
  "ham_rows": 4499,
  "spam_rows": 602,
  "spam_rate": 0.118016075279357,
  "train_rows": 3570,
  "validation_rows": 765,
  "test_rows": 766,
  "train_test_overlap": 0,
  "maximum_vocabulary": 5000,
  "learned_vocabulary_size": 5000,
  "maximum_sequence_length": 50,
  "embedding_dimension": 64,
  "simple_rnn_units": 48,
  "dense_units": 24,
  "dropout_rate": 0.3,
  "class_weights": {
    "0": 0.56684661797396,
    "1": 4.239904988123516
  },
  "decision_threshold": 0.255,
  "threshold_selection": "Maximum validation F1 with precision and balanced accuracy as tie-breakers",
  "model_selection": "Early stopping on validation loss; final test set was not used for training or threshold selection",
  "training_epochs_completed": 10,
  "best_epoch": 7,
  "training_seconds": 40.974345207214355,
  "test_metrics": {
    "test_rows": 766,
    "threshold": 0.255,
    "accuracy": 0.9804177545691906,
    "balanced_accuracy": 0.9603663003663003,
    "precision": 0.9042553191489362,
    "recall": 0.9340659340659341,
    "f1": 0.918918918918919,
    "specificity": 0.9866666666666667,
    "roc_auc": 0.9868945868945869,
    "pr_auc": 0.9609994145030986,
    "mcc": 0.9079408157661117,
    "tn": 666,
    "fp": 9,
    "fn": 6,
    "tp": 85
  },
  "baseline_metrics": {
    "tfidf_logistic_regression": {
      "test_rows": 766,
      "threshold": 0.5,
      "accuracy": 0.9882506527415144,
      "balanced_accuracy": 0.9695645095645096,
      "precision": 0.9555555555555556,
      "recall": 0.945054945054945,
      "f1": 0.9502762430939227,
      "specificity": 0.9940740740740741,
      "roc_auc": 0.9943345543345543,
      "pr_auc": 0.9800629717551668,
      "mcc": 0.9436332608892534,
      "tn": 671,
      "fp": 4,
      "fn": 5,
      "tp": 86
    },
    "multinomial_naive_bayes": {
      "test_rows": 766,
      "threshold": 0.5,
      "accuracy": 0.9830287206266318,
      "balanced_accuracy": 0.9285714285714286,
      "precision": 1.0,
      "recall": 0.8571428571428571,
      "f1": 0.9230769230769231,
      "specificity": 1.0,
      "roc_auc": 0.9886365486365486,
      "pr_auc": 0.9757192839524576,
      "mcc": 0.9170315391816253,
      "tn": 675,
      "fp": 0,
      "fn": 13,
      "tp": 78
    },
    "majority_class": {
      "test_rows": 766,
      "threshold": 0.5,
      "accuracy": 0.881201044386423,
      "balanced_accuracy": 0.5,
      "precision": 0.0,
      "recall": 0.0,
      "f1": 0.0,
      "specificity": 1.0,
      "roc_auc": 0.5,
      "pr_auc": 0.11879895561357702,
      "mcc": 0.0,
      "tn": 675,
      "fp": 0,
      "fn": 91,
      "tp": 0
    }
  },
  "random_seed": 42
}