{
  "model": "Simple RNN",
  "test_rows": 766,
  "threshold": 0.255,
  "accuracy": 0.9804177545691906,
  "balanced_accuracy": 0.9603663003663003,
  "precision": 0.9042553191489362,
  "recall": 0.9340659340659341,
  "f1": 0.918918918918919,
  "specificity": 0.9866666666666667,
  "roc_auc": 0.9868945868945869,
  "pr_auc": 0.9609994145030986,
  "mcc": 0.9079408157661117,
  "tn": 666,
  "fp": 9,
  "fn": 6,
  "tp": 85
}