Model,MAE,RMSE,MAPE,R2,Directional_Accuracy
Simple RNN,4.324133385850315,5.586022684783773,1.4004477320463347,0.9315523209416562,0.6111111111111112
Naive Previous Close,4.3502756754557295,5.608274687357635,1.4067341284428663,0.9310059101380936,0.0
5-Day Mean Return,4.356608090095847,5.626211724533578,1.4069199912798294,0.9305638745170084,0.5277777777777778
