{
  "MAE": 4.324133385850315,
  "RMSE": 5.586022684783773,
  "MAPE": 1.4004477320463347,
  "R2": 0.9315523209416562,
  "Directional_Accuracy": 0.6111111111111112
}