model,threshold,test_rows,accuracy,balanced_accuracy,precision,recall,f1,specificity,roc_auc,pr_auc,mcc,tn,fp,fn,tp
Majority Class,0.5,600,0.49666666666666665,0.5,0.49666666666666665,1.0,0.6636971046770601,0.0,0.5,0.49666666666666665,0.0,0,302,0,298
Simple RNN,0.43,600,0.7433333333333333,0.7440330681363616,0.6988950276243094,0.8489932885906041,0.7666666666666667,0.6390728476821192,0.8201031156940308,0.799235807145052,0.4988242009689806,193,109,45,253
TF-IDF + Logistic Regression,0.5,600,0.845,0.8451820080892484,0.8253968253968254,0.87248322147651,0.8482871125611745,0.8178807947019867,0.9322969909773767,0.93385377262666,0.6912132318116223,247,55,38,260
