{
  "model": "Simple RNN",
  "threshold": 0.43,
  "accuracy": 0.7433333333333333,
  "balanced_accuracy": 0.7440330681363616,
  "precision": 0.6988950276243094,
  "recall": 0.8489932885906041,
  "f1": 0.7666666666666667,
  "specificity": 0.6390728476821192,
  "roc_auc": 0.8201031156940308,
  "pr_auc": 0.799235807145052,
  "mcc": 0.4988242009689806,
  "test_rows": 600,
  "tn": 193,
  "fp": 109,
  "fn": 45,
  "tp": 253
}