{
  "validation_loss": 1.9542904248935187,
  "validation_accuracy": 0.4408817635270541,
  "validation_perplexity": 7.058908420517671
}