{
  "project_name": "IMDb Movie Review Sentiment Analysis using Simple RNN",
  "artifact_format": "Keras v3 .keras",
  "training_source": "TensorFlow/Keras IMDb dataset subset exported by the supplied notebook",
  "training_reviews": 2000,
  "test_reviews": 600,
  "model_selection_split": "80/20 stratified split within the 2,000 supplied training reviews",
  "final_refit_reviews": 2000,
  "vocabulary_size": 7907,
  "max_vocabulary": 10000,
  "chunk_length": 80,
  "chunk_stride": 60,
  "max_chunks_per_review": 6,
  "embedding_dimension": 80,
  "simple_rnn_units": 48,
  "dense_units": 32,
  "dropout": 0.3,
  "prediction_aggregation": "mean positive probability across review chunks",
  "decision_threshold": 0.43,
  "threshold_selection": "Selected on the validation split to balance precision and recall before final refit",
  "test_metrics": {
    "model": "Simple RNN",
    "threshold": 0.43,
    "accuracy": 0.7433333333333333,
    "balanced_accuracy": 0.7440330681363616,
    "precision": 0.6988950276243094,
    "recall": 0.8489932885906041,
    "f1": 0.7666666666666667,
    "specificity": 0.6390728476821192,
    "roc_auc": 0.8201031156940308,
    "pr_auc": 0.799235807145052,
    "mcc": 0.4988242009689806,
    "test_rows": 600,
    "tn": 193,
    "fp": 109,
    "fn": 45,
    "tp": 253
  },
  "baseline_metrics": {
    "model": "TF-IDF + Logistic Regression",
    "threshold": 0.5,
    "accuracy": 0.8666666666666667,
    "balanced_accuracy": 0.8668163029467977,
    "precision": 0.8493589743589743,
    "recall": 0.889261744966443,
    "f1": 0.8688524590163934,
    "specificity": 0.8443708609271523,
    "roc_auc": 0.9382416996310947,
    "pr_auc": 0.939311197123854,
    "mcc": 0.7342039010198584,
    "test_rows": 600,
    "tn": 255,
    "fp": 47,
    "fn": 33,
    "tp": 265
  },
  "random_seed": 42
}